{"cameraMode":{"drawMode":0,"name":"Shaded","section":"Shading Mode"},"sceneLighting":true,"audioPlay":false,"sceneViewState":{"showFog":true,"showMaterialUpdate":false,"showSkybox":true,"showFlares":true,"showImageEffects":true,"showParticleSystems":true},"in2DMode":false,"pivot":{"x":1.4890257120132447,"y":1.8024474382400513,"z":1.0822231769561768},"rotation":{"x":0.028723832219839097,"y":-0.07490649819374085,"z":0.002159146126359701,"w":0.9967744946479797},"size":4.006367206573486,"orthographic":false}